Taxa	NEEN.011	NEEN.012	NEEN.013	NEEN.014	NEEN.015	NEEN.016	NEEN.021	NEEN.022	NEEN.023	NEEN.024	NEEN.025	NEEN.026
3af64985583451cceeb3901d043bfd73	0	19	0	0	0	0	0	0	0	0	0	0
a57944ffff8ec2097b06e45a616f907d	0	0	0	0	0	0	0	0	0	0	0	0
a69c0a328e1b282389062478c5d49c3a	68	82	96	45	27	24	27	45	34	17	9	6
7d02f99e2ea00512b055a4e70f84c18b	111	64	29	40	768	513	260	66	25	21	14	15
54a43d2113c13203e813d22b17f3f370	47	55	50	25	33	56	84	29	16	18	16	22
e127450ed2ad1088a651c6a3f8a405b3	0	5	0	3	0	0	0	0	0	0	6	0
b2ce7f937c4d1e391758282974fcf514	0	0	0	10	11	22	7	16	13	48	82	83
59058f537de50f2f55ed8833c3c1f4b5	85	143	163	84	30	23	38	46	34	22	10	17
7a6a394fe7285b50ee54b56f316a3944	0	0	0	0	0	0	0	0	0	0	0	0
4feb426703234389503a7b994773d50c	111	111	115	94	37	59	38	36	58	20	20	20
5328bc3fa40912ff2a09f9a53ac20c93	102	133	128	93	60	88	33	55	45	13	12	8
ce0c98486c0934c2f5922589f4883a46	8	17	14	6	16	38	15	15	0	7	0	9
d27a7938be9be7fcde444b0d8a1e7f84	629	348	409	157	50	49	94	105	144	41	52	43
9a13cbb8e1b12468bf22d6a05aafb0c0	87	0	0	0	74	40	121	114	78	0	53	75
eb1d7f519ae360e6e68a2f1520785e5e	5	7	0	0	11	10	5	11	3	0	0	0
0c10bc475287f99f197cfc1c2b50947f	11	0	0	0	26	21	0	0	17	0	25	0
84135a0b2ffd4bf0902d223d4ee001dc	0	0	19	13	0	0	18	14	0	0	0	23
b4c887fb290f7d9862494dc4ca31dafb	0	0	0	0	0	0	0	0	0	0	0	0
bf7348b2028d96bee8686238f2bc5aa2	24	51	16	38	45	84	23	28	51	0	21	16
a6bfdb3176b2fc52c2e55ef46213f792	85	103	72	10	33	59	61	62	27	7	14	10
175fd341f343662e9f8d8ec2f6877ec0	0	0	0	0	0	0	0	0	0	0	0	0
6d1f1d8b1147f3c7f26586646547b4d5	0	0	0	0	0	0	0	0	0	0	0	0
e4ef1c7b616eb842c0ff7a327e83bd76	16	25	77	48	38	41	19	37	168	131	155	214
fdbff060c0adc3184b21540df9bbbee1	0	0	0	0	0	0	0	0	0	0	0	0
b79395edd65d1a3436028915e53b329f	0	0	0	0	0	0	0	0	5	0	0	0
5292f29cab69c370997bcb039ef68d64	425	520	832	468	144	186	224	224	134	90	79	141
f6b9f4774df15b2fdd3ba4af8805ff44	173	471	1103	397	100	95	80	96	204	55	0	0
938fbbe51af86d1d7ebd6817a0f0bd24	70	99	95	77	482	238	45	66	56	0	0	0
851c7990fae0a661eacab06f0e5e2775	55	67	70	51	306	213	37	0	40	0	0	0
efa934e07029e49f4b1959b33c677589	104	211	212	125	103	79	45	33	61	0	20	42
bf611493002f5918a68778bde2def567	33	0	0	0	53	106	42	92	0	0	0	0
836cd5ea357ad392c00a7e48d921be1d	11	9	25	28	21	0	26	46	45	55	21	73
9a76c2c2904fcae623e236b6818a712e	21	16	0	0	29	28	17	0	22	5	0	0
878fc53ff6f6333a92673b700951fa1b	0	0	9	13	0	0	0	21	0	0	0	0
6adfe2eb17f78d90fae7d4d8eb43b01a	0	0	0	0	0	6	0	0	0	0	0	0
ed78bbc1db0ff176088ec1eeb30cde95	103	111	149	79	140	116	208	127	73	67	80	70
a0814dbcfc36b32aa80e5af6bca83748	46	63	139	29	10	19	63	59	110	9	0	0
c5debdac45aa28561acf34927c6e726d	0	0	0	0	0	0	0	0	0	0	0	0
72e530a4206f2e4804d502f4dfca8387	124	161	177	142	254	189	806	382	838	1019	988	1037
97fbd9fac072dc24ef7af2e143df17a1	0	0	0	0	61	0	0	0	0	0	0	0
1dde417c45171347b0ec07088aa49839	128	119	204	173	2099	1675	949	1472	1915	2884	1915	1930
91c6bd1773aaec302882b43aff6babc4	913	653	1262	692	736	632	366	506	622	978	653	554
53e1e28ac0e3549da38b9e58b4a27f3b	0	0	0	0	0	0	0	0	0	0	0	0
7d778ad679a7e22769f032c56e881c28	0	10	0	0	18	21	0	22	0	4	0	0
b9601452981d5393bd6c0ed100a35ff0	0	0	0	0	0	0	0	0	38	0	0	0
2eb2fe0471e37d54b5e1c47660220ad6	83	88	111	65	336	86	495	357	67	59	76	65
550dad848590f36ce1e9a8ce81c12f8a	42	79	25	0	168	42	237	186	23	27	48	46
11bd305099dce16ecd99f2cb50aa2e40	0	0	0	0	154	37	241	156	0	0	0	0
b00c3432b2ba4ccb41e22cbf1f9e336d	212	238	312	153	258	193	406	338	838	740	857	1004
35fbbf467028ce4e6d97fd309461f30b	0	0	0	0	0	0	0	0	167	117	199	209
610fec3c1f64661f446a6e8270f23d0c	0	0	0	0	0	0	82	0	0	0	0	0
33ea9f7df7a02a6f06fb9700ed440401	226	223	337	199	163	189	109	129	234	115	147	248
e7ad4c0767b33e0a46ee82dba4ad02f0	0	0	0	0	0	28	0	47	0	0	0	0
de689038d335b0e895f90f08f59c3ab1	39	21	21	0	36	52	53	0	65	69	66	62
19bb6fdfb210eda549aee95a652e0fdf	0	0	0	16	0	0	0	0	110	47	54	59
d3d0b6aba6f97f1ba77a412531587a84	32	35	66	31	70	54	57	52	26	15	10	14
d60593a75368eb2dd66ecbbec3313863	69	144	0	0	0	0	270	21	50	20	12	0
cb8b8a6ee6bcfa115f8b24a45fa1c12a	56	91	71	171	286	720	1602	1428	232	253	336	264
e1f3dca7a444e322745b21064cf6fbd2	121	178	228	76	235	79	158	116	50	46	46	39
c6cc193827dee5c035291d0d1d14b625	0	0	0	0	0	0	0	0	0	0	0	0
917d299eeca539b3dfba563baabc4b14	0	0	0	0	0	0	0	0	0	0	0	0
029ac1f87abeae7dbac1ababc489cfec	0	0	0	0	5	0	0	0	0	0	0	0
9b5811da3588dc72c1fce3ea07d51eac	0	0	0	0	17	0	0	0	12	0	0	0
2bc5942b5fd0f8140d1eaf96be69ff40	7	0	9	0	58	35	16	37	11	0	13	10
b44aff2995f396f00ad579d8e6684335	110	111	84	88	609	890	615	574	422	534	530	738
1930d2ae4018583d606e705beea31bd1	35	61	89	72	134	120	38	88	393	479	670	950
8d16493f61b4859028a7a760a82751ce	0	0	0	0	0	0	0	0	31	0	0	0
0d29a1eb24f264423251f3b2a92f7914	0	0	0	0	0	0	0	0	0	0	0	0
0ebb2cf4a2017aeaefadf9ae5062eb62	171	198	249	121	246	128	111	204	37	28	30	50
39f1b510d3d0f5a6d28609e5a26641a9	0	0	20	26	8	7	12	9	0	4	0	7
3471f88cb44a7a8c95f6c7fe00ec8261	0	0	0	0	0	0	0	0	12	0	0	0
5858157a5f3c4bdbc235927eae7ff303	69	114	127	105	105	184	104	91	81	81	108	108
129500150cad877075ed12b0c9424282	63	86	61	35	239	311	181	308	151	121	148	288
76b219eb7351347070ab7205275b9c02	0	0	0	0	46	0	52	0	0	20	0	27
c130ff4bc4f4b06b3e42f5c64b6ee6a0	61	79	95	49	0	0	0	43	34	0	0	0
a11124bead20d177c53e9a515457c0c0	0	0	0	0	0	0	0	0	0	0	24	0
82b6b13c800633859b139cf0569b4cda	777	649	1191	529	1779	2119	755	1306	2298	2266	2011	3445
cb1abf418422e26cfb437c2a36fa1ee9	37	37	21	30	310	196	73	81	38	30	39	22
62ae243ee000954dd16cbb9f968a1789	0	21	27	0	0	0	0	0	0	0	0	0
1b7d75fb86963bedb10092b550a0899f	48	59	53	64	80	68	24	17	0	0	0	0
759456dbbcad59cfb49ade008456f99e	0	34	36	0	137	110	0	0	37	32	22	0
b73e739891aeccb388d0808116068184	22	22	24	12	28	41	0	0	0	0	0	0
16f3c9bbbc6096b7f5526bd82bb86d62	45	58	70	0	0	0	0	0	0	0	0	0
00edbd1ba8dcda99fa8c48ebbad76bc3	0	31	0	0	0	0	0	0	0	0	0	0
e4597f1dce864c29882fa64f616d1a6c	155	169	310	147	120	131	91	120	95	101	92	167
234166274fbb22e38900a26eb84ece58	0	0	0	0	0	0	0	0	0	0	0	0
daae43be6cf06991f62a085ba8bff3b6	561	480	906	386	751	682	292	288	202	166	72	73
fb4f0a79b97d6f24e3040e8145b0a6e7	0	0	0	0	158	209	0	0	0	0	0	0
ea9c1edfdf60a0a532f516b20689e41b	21	31	14	0	91	117	57	97	21	8	29	26
02408cd609a6b7f8134da2f8955136ac	7	5	0	0	37	63	16	20	8	4	0	0
1eb2548c06727d3c1745e7db394cfd56	199	246	161	156	512	508	432	419	118	129	180	143
2ae97aa780e74cb712a0ae2b285ff415	70	92	44	65	223	201	140	167	91	91	161	135
350fb0a153502ce2dd4fa0cf051d3fbb	37	52	46	25	43	47	38	27	22	16	13	11
f80166d86a7f15b69b6ac97505299c3a	0	0	0	0	0	109	132	145	100	0	0	0
f66d2abe845ef2bc384cc7e2eccd5e24	62	56	0	0	72	152	0	0	0	0	44	50
b626779bd5dfa945ddc31fd5e5070a19	117	134	130	92	292	557	103	126	48	70	134	115
37079b17a5ed7c396c357e24c0cf0597	86	124	90	24	96	203	28	51	0	0	81	97
c1def48b42e159b33dd366fb124ea638	54	48	49	50	145	110	108	152	53	19	36	18
f74772c312ecf2f0278c402953e04d93	0	0	0	0	0	0	0	0	0	0	25	0
19bf483357dc32a16002bf4e21221b48	46	37	20	16	346	290	51	41	18	18	0	0
d7c1b52a8e5ee6f743bc37a531bf6f55	0	0	0	0	0	0	0	0	0	0	0	0
f93bef19c624876fb0132f2e6b583ca7	0	0	0	0	0	0	0	0	0	0	0	0
a13fea4a53c585211593a5587a5801ee	0	0	0	0	0	0	0	0	0	0	0	0
4e9a0c10a4238f6fadd0da0100016dcd	0	0	0	0	0	0	0	0	0	0	0	0
90efbf79b027835779101fc55504e842	0	0	0	0	0	0	0	0	18	0	0	0
943604f71971b419a2367b530186303f	0	0	0	0	0	0	0	21	0	16	0	7
81d3a6950559d5543eb39e4f5b310a31	0	0	0	0	0	0	0	0	0	0	0	0
410cd9c6d9dc6fd1871accf2172f8e29	0	0	0	0	0	0	0	0	0	0	0	0
c601986784ec5352196d3bc7278277b5	0	0	0	0	0	0	0	0	0	0	0	4
9e090db3b7d4ded637a456829a8d227d	0	0	0	0	0	0	0	0	0	0	0	0
b7ed133c0e997839decebae543619e8b	0	0	0	0	0	0	0	0	0	0	27	2
ce72009c0c36b5ff547b9a0c89f669ce	0	0	0	0	0	0	3	0	0	0	0	0
607a1bcc4baccac25c567bbb74d81cdf	0	0	0	0	0	0	0	0	0	0	7	0
35f3ce6a0ee2829e6ccb193be3c4338b	0	0	2	0	0	0	0	0	3	0	0	0
7301b4591a50ce57f108dc1db684fd70	0	0	0	0	0	0	0	0	0	0	0	0
a4ff7d5665199a661ed3c3f0ebf06a49	0	0	0	0	0	0	0	0	0	0	0	0
85781f76fdd51f1cea0eab36c8b76a12	0	0	0	0	0	0	3	0	0	0	0	0
715a5706f5ea5356f6c4772dc98d6430	0	0	0	0	0	71	0	0	0	0	0	0
97d033725a3fcb0e6b0f9554365d4e0f	2	3	4	0	2	0	0	0	0	0	0	0
e5c0eecb2edc3211ea66379f84006834	0	0	0	0	0	7	0	0	0	0	0	0
25773d17c98ca4f1cbab85bb7a20ee07	0	0	0	0	0	0	0	0	0	0	0	0
1485707115ce4b362d3e7c8944c55a4f	30	0	0	10	0	0	7	0	8	0	0	0
b0393e75df8338f8224463cb1b34efbd	0	7	0	0	4	0	0	0	0	0	0	0
940c5c7f5d291961c87dd25da8580e29	3870	4755	2377	2685	6716	4692	3393	873	1456	888	1859	1544
63b80d3eb582afab83fbeac4b9e71b43	346	423	203	277	502	384	141	69	129	90	175	138
30fa65ea00595da890dad94494a04490	0	0	0	67	0	67	146	0	0	0	44	0
da47a7f676f9a37da03e64a99251fd78	5055	5695	2754	3549	1827	2021	2351	6740	5153	6737	9393	6592
b43299b6f19a4e0e97c61584bf5596a7	0	0	0	0	0	0	0	0	0	0	0	0
59af3ddca2ed0cf3d3a10a052cac72f1	0	0	0	0	0	0	0	0	0	0	0	0
a4af9680e23cdd53cf88e4533a27594d	3	0	0	8	0	0	0	0	5	0	7	4
557cdafb4838e314885ddb4c7a177d13	0	0	0	0	0	0	0	0	0	0	0	0
45b76e49b6500d8d245c2f27f6fbb143	0	0	0	6	0	0	0	10	0	4	0	0
6116fd7dc95407952dfa6a8cad835556	0	0	0	0	0	0	9	0	0	0	0	7
92d04a8bfcbe9ddcc1bda03897b95251	0	0	0	0	0	0	0	0	0	0	0	0
975d5aabbcbb53d18b84ee9a8024fcd8	105	105	75	61	98	85	416	127	61	25	20	21
95d6a2a0e7a344010b5fd670677848e1	0	0	0	0	0	0	0	0	0	0	0	0
06538b77450f85903962437f449fa60a	108	96	79	107	44	62	132	105	64	26	23	0
727992952afbbf55406b97e29855c9c2	113	112	106	78	142	121	138	98	119	50	148	94
5bbc37962b69b4f2cf25bbad864f8406	0	0	0	0	0	0	12	8	0	0	0	0
90341c9ce791289cc32e350b44807ffb	10	0	12	10	25	9	26	17	0	10	0	9
af55dfcf7516e6d1d45fa6f16ebc1ca3	49	66	30	55	29	32	47	43	54	26	44	25
af5b96431f030adbd446db31ed2256c0	0	0	0	0	0	0	0	0	0	0	0	0
55b60296bc5a7532030150d24d7c2c61	0	0	0	0	0	14	23	10	0	0	8	0
f0a3b85336766433b385b8e5d23182d2	249	205	241	169	230	224	613	218	127	100	71	57
b0fff0788c980929fc4bf71e985f57f0	0	0	0	0	0	11	0	0	4	2	0	3
dc6ae08657c6ddc998f5ae806ab8934f	0	0	0	0	0	0	0	0	18	0	0	0
b18037a224663cf99b188ff37ab195d4	26	28	36	38	28	69	81	45	37	16	36	29
747afedfeb4b7c0cba3c0cb606c6afc6	0	0	0	0	0	0	0	0	0	0	0	0
ed00fb3691748ed4cae9230b19be54c8	0	0	0	0	0	0	20	17	37	0	0	0
06127cc96b470ea5c6a92494240202ff	7	0	4	0	0	7	0	5	58	21	53	19
383effd264b8c9db0f78e2067355d32e	0	0	0	0	0	0	0	0	0	0	0	0
da1ffc7cfb857dfdbeecfe7b8eb2efef	0	0	0	0	0	0	0	6	0	0	0	0
0775a8e56bc8da8ef0f0129616be163e	0	0	0	0	0	0	0	0	0	0	0	0
9fc9295b222377c7bdb7e4e4db1e5e78	0	0	0	0	0	0	0	0	0	0	0	0
ec9562edcf3986f9a56ee377d8ff737c	0	0	0	0	0	0	0	0	0	0	0	0
9580136cc3b703e45cdb2c1fc099598d	0	0	0	0	0	0	0	0	0	0	0	0
a9b24370bdb02a8ee91855de7b8b2813	3410	4037	1519	1813	927	986	826	586	1233	742	1695	1984
1368aca6d12ec4a9bbf16a2ff67104e1	0	0	0	0	0	0	0	0	0	0	0	0
f737f14e10779f3080a792044af733af	0	0	0	0	0	0	0	0	0	0	0	0
b664aba9c5e0e5cc58a311f8ff3d8b0c	23	8	34	13	15	14	22	14	29	13	4	13
11401ee29264e6f60b65371a2601cd07	0	8	5	0	6	7	0	7	10	20	22	5
208a08b90e13b04d2ef2f584535a2d39	25	24	11	3	15	10	16	3	35	21	20	31
fcd3426019893abe8788eea702b5916a	0	0	0	0	0	0	0	0	0	0	0	0
764e61dbb4db4acb21e18439aaa4b323	0	0	0	0	0	0	0	0	0	0	0	0
0612d61c62f82d56a84f7c4c2900f416	0	0	0	0	0	0	0	0	0	0	0	0
7b28c20e72c6c95b3e604f0849245770	9	6	0	9	2	8	352	53	26	13	12	8
1dacfff5549a7d2494f6a935ea1fb7e8	311	114	163	228	1193	759	509	540	149	159	302	175
39bb8bfbc4b219fcaa13499fc4bd4bab	0	0	0	0	0	0	0	0	0	0	0	0
92da3aeb57223540532b125809324895	0	0	0	0	0	0	0	0	0	0	0	0
0ffb814cca88340920e951ccac3e8c5c	0	0	0	0	0	0	0	0	0	0	0	0
2c545231aacaf1d8c6b3f8f8930d4363	39	38	55	15	49	112	28	40	27	11	10	16
a7b2ebeb585c5a9437a670f13d3234db	895	641	981	512	82	68	137	137	179	46	42	51
889876008cc11059ae62f03a56db6cba	0	0	0	0	0	0	0	0	0	0	0	0
dd2a393c2175bc6d2e4979918389e852	0	0	0	0	0	0	0	0	0	0	0	0
8da062ed6288544be0db04d6e164c45d	0	0	0	0	0	0	0	0	0	0	0	0
a046edb519c4e3cbdf77ada497c4d743	0	0	0	0	0	0	0	0	0	0	0	0
e7bb9262d4a46496167a210fc459688d	0	0	0	0	0	0	0	0	0	0	0	0
6c0cc1ad9f7dd31352af693c9c95c116	0	0	0	0	0	0	0	0	0	0	0	0
69a11f927915e2a3ba1f7b9c84486527	0	0	0	0	4	0	0	10	0	0	0	0
7421a0056850e30172e2c541c9215c11	11	9	18	16	17	15	24	37	45	9	18	13
cd3526e9ddf608ed31c4f3d648ca8034	39	24	24	14	19	20	12	10	13	5	14	12
9a3f0c720e5d749e66eb76f1a7ff2f89	0	0	0	0	0	0	0	0	0	0	0	0
d077c0ff711eabf2c3591a6f9798adb5	0	0	0	0	0	0	0	0	0	0	0	0
c895fbcdb8fe3bbfcf86721aa999a031	0	0	0	0	0	0	0	0	0	0	0	0
37e59730a004daa7d3b413192cf02048	0	0	0	0	0	0	0	0	0	0	0	0
87726005247b2b6f730616f96d3fe70b	0	0	0	0	0	0	0	0	0	0	0	0
427e008c37c7a6ad2979bf97f0d7d529	0	0	0	0	0	0	0	0	0	0	0	0
ac27c2394fe444c330c47ffc7f002bfc	0	0	0	0	0	0	0	0	0	0	0	0
128e0c5f455b2f411f04978f0dfb702a	0	0	0	0	0	0	0	0	0	0	0	0
d46e2205f0c6ecf67b51f83d111c509c	0	0	0	0	0	0	7	0	0	0	0	0
6d44145ac74fc30f6713c8ab71a27c96	0	0	0	0	0	0	0	0	0	0	0	0
2d4811114193cb62960ac3c96ed12bdf	0	0	0	0	0	0	0	0	0	0	0	0
ce6043d69addefcdeec6ef5f6c4a7b98	0	0	0	0	0	0	0	0	0	0	0	0
99a9bc6def382094f0af3317ab72fc1c	0	0	0	0	0	0	0	0	0	0	0	0
c3035bda9988b780172e8012a16711df	0	0	0	0	0	0	0	0	0	0	0	0
12c4cf4a9b6a4541ef111f02191bae96	0	0	0	0	0	0	0	0	0	0	0	0
2e9a5906b0e6f1f609d6b9b060c0d552	0	0	0	0	0	0	0	0	0	0	0	0
63fdceb9ee09d196bf44e3b9ddf129e9	0	0	0	0	0	0	0	0	0	0	0	0
29b791ad6c082e063699dfc690a19242	0	0	0	0	0	0	0	0	0	0	0	0
cfec01a68392e651dce79f71571dbcd8	0	0	0	0	0	0	0	0	0	0	0	0
60c303537d7d248f56c5a09caab1770f	0	0	0	0	0	0	0	0	0	0	0	0
043a0901316d72cb1703aa6f738a9233	0	0	0	0	0	0	0	0	0	0	0	0
6c14e4bc6dbb512edc411b4f97e4e9a7	0	0	0	0	0	0	0	0	0	0	0	0
a440c2ddf8b18e022be008cb0e05b574	0	0	0	0	0	0	0	0	0	0	0	0
c42b6ead1baf4f21bb1543af5ad4ffb2	0	0	0	0	0	0	0	0	0	0	0	0
c7320383c4e29d9ae052c6c2da25a89c	0	0	0	0	0	0	0	0	0	0	0	0
9faa90542b330fa9e0c926e24267ec99	0	0	2	0	5	0	0	0	4	0	0	0
706f52b6316d2af530385a23dbc345cf	0	0	0	0	0	0	0	0	0	0	0	0
e06e73c0550bfd3f63b73915855c10b6	6	6	10	0	0	0	4	0	0	0	0	0
ff2be076cf928bdf0eb0935b49878911	0	0	0	0	7	0	0	0	0	0	0	0
95fdd816723ca482a5caba10bea171c8	752	786	865	207	419	1729	276	1002	258	210	127	158
f434bb1f62e53ad7aed6f6ffd2ec039c	0	0	0	0	0	0	0	0	0	0	0	0
2f8ad4365632e4a05d8897ac4ee70b3a	0	0	0	0	0	33	0	0	0	0	56	55
2ef1e51ab1cf99a3c6417b05a060830e	474	187	243	171	213	161	194	87	147	208	213	251
dd32c3610b76a3591b97377a5829c947	0	0	0	0	32	40	0	0	0	52	60	45
0df6c802966e8670279671824da4f10a	4068	1780	4755	3794	6681	1233	2880	1079	1529	2508	2766	2748
6f1cbae792de3e1162d3d7dffbe4bb20	0	0	0	0	0	48	43	8	16	0	0	0
8871e9e05450b91fd3c712a6182dc017	0	0	0	0	0	0	0	0	0	0	0	0
3069dcbaf1716332e394e2b09ec8d459	0	0	0	0	0	0	0	0	0	0	0	0
6f7235a09de4606a1f0729263e905463	0	0	0	0	0	0	0	0	0	0	0	0
62aed129ef47cdb0866bddc5afd8ab4a	0	0	0	0	0	0	0	0	0	0	0	0
e24c503891e8ce10588113c3dfce9c2f	0	0	0	0	0	0	0	0	0	0	0	0
47817d7fe7b63f6f790deb76307bd30c	0	0	0	0	0	0	0	0	0	0	0	0
9575740425ce7248ee69ee6cf67517c6	0	0	0	0	0	0	0	0	0	0	0	0
b65dc53ce17411418917284c11fceabf	0	0	0	0	0	0	0	0	0	0	0	0
9f04d4582c00cc1372a4a536aaa64d65	0	0	0	0	0	0	0	0	0	0	0	0
922d33a2963d3e87a3d4df6b82371235	0	0	0	0	0	0	4	0	0	0	0	0
df0e3d38eec730326754d8c17a8b8efe	182	88	272	215	152	84	86	67	485	331	312	533
1fd294eea9485182ef6ac20c65e5a949	0	0	0	0	0	0	0	0	0	0	81	54
4cc1bff6843e62a70038bc31c88f932f	0	0	0	0	0	0	0	0	0	0	0	0
2ca424adcfa031e3bd222a727cd1421b	0	0	0	0	0	0	0	0	0	0	0	0
0633debdc6e91e0bb3eaa7657eff93eb	0	0	0	0	0	0	0	0	0	0	0	0
f1b8797a292a25eb72f6280b3ff7d132	0	0	0	0	0	0	0	0	0	0	0	0
7d8a67d9a7ae541304d69c0080342a68	7	3	10	0	0	0	11	0	0	4	0	8
f1b5d72cafaaea7b61c531cb90452d9c	41	61	65	45	37	21	47	53	61	19	30	34
ee84f17a4e398c4af09778df0c309c86	0	0	0	0	11	0	0	0	0	0	0	15
0c05681876f592d86aeafdde2a2703bf	0	0	0	0	0	0	0	0	0	0	0	0
a828d86ae6b1ae29eea5092499bc99df	16	11	27	14	15	35	19	11	20	12	10	17
77f352b310dc941a969edf6536c2e820	0	0	8	7	10	6	0	2	7	4	0	7
fb53e90170e07b153255c4bc54a8babb	3	0	0	0	0	0	0	0	0	0	0	0
62dc76a09326c359be5946507e82e9fa	0	0	0	0	4	4	5	0	0	0	0	3
b2224d09fb56fffb7949a37935a5b572	0	0	0	0	0	0	0	0	0	0	0	0
3abae39e94cf51920aec2b9fb42b53a9	46	48	55	44	38	49	61	52	46	38	44	39
8212cb5c87ef6191f7ddd1eb8f3dca99	0	0	0	0	0	0	0	0	0	0	0	0
da02ace480dfd68c5ab89aedff640035	0	0	0	0	0	0	0	0	0	0	0	0
d23bbe506e4ded19e9dd017b65275bab	0	0	5	0	0	0	0	0	0	0	0	0
c6f4aa25b9a6b316e50c3f0308c05ab9	0	3	0	0	0	0	2	0	0	0	0	0
d01b45323548adfff0b9207e39472ade	4	0	8	0	0	0	0	0	0	0	0	0
78bde97a6e8f259342747f2d608611b2	0	0	0	0	0	3	0	0	0	0	0	0
a2cafeeff0065516ce0706c7aea99297	0	0	0	0	0	0	0	0	0	0	0	0
a9fa77fde69f69499b9e8a7567be8836	0	0	0	0	0	0	0	0	0	0	0	0
f77a4cf04f5adf93dc5755b529482012	0	0	0	0	0	0	0	0	0	0	0	13
ec30afcaa4c767538eb33d63f35aaf38	19	29	22	15	0	12	12	12	9	11	0	0
3e9e6197d0866ceeaa0d19f676601a4a	0	0	0	30	0	0	0	0	0	0	0	0
d5f4e724b7fd8b007ef230dbd43c7a3c	0	25	0	0	0	0	0	0	0	0	0	0
128663d8fbf501fb5f4812f214e4f1bc	0	0	0	0	0	0	0	0	6	0	0	0
a6b8bcc8499b4128678a3a671a0bd004	0	0	0	0	0	0	0	0	0	0	0	0
0286fa7c3a01b5a335fce7363917ad16	0	0	0	17	0	0	0	0	0	0	0	0
0fde62806e4413be1846e836dba2c786	0	10	0	13	0	0	0	11	5	0	11	9
4e786fad777a61be21d3289ba56c326e	0	0	19	0	0	0	0	0	0	0	0	0
950524da5744abc0ef286d09c7f75bc3	0	0	0	0	0	0	0	0	0	0	0	0
c8e34bb10306cd8cc72e42eb1313b7c8	0	0	0	0	0	0	0	0	0	0	0	0
fab19e407fc7d0aa7929a7eae23d8b53	0	0	0	0	0	0	0	0	30	0	0	15
c6f5c4d8343f60687af5d72396766263	0	0	0	0	0	0	0	9	0	0	35	0
70792b6ac0d2c723cec8c12dc6576345	0	0	0	27	0	0	0	0	0	0	0	29
0f276b28ea3ba352f6fd667c1e298c38	15	0	0	0	11	0	14	0	0	0	0	0
ec77b8bc25a3aacda06ec2b5068e295a	0	0	0	0	0	0	0	8	0	0	0	0
81b8512ad01a544a5c6424a7c659ac20	0	0	0	6	0	0	0	0	0	0	0	0
9d5a7a5cf87dec52b55a00426e639f7d	0	0	0	0	20	15	0	0	18	0	0	24
c7618efd9393c801e5152a0b166b20e6	4	0	0	0	0	0	0	0	0	0	0	0
1469ca5085a01fb6f3725632b315675f	0	0	0	0	0	0	0	0	10	0	0	0
11a5f0316ff4f3edb52c1b583a6e1448	0	0	0	0	0	0	0	0	0	0	0	0
30598f0d14cb4af2c3150ebb17667b95	0	5	13	0	0	0	0	0	0	0	16	0
127d029e4712422f69cf80ceb163558b	0	0	0	6	0	0	0	0	0	0	0	0
36d9f553b6f26520e7a6f8671cdde1f5	0	0	0	8	0	0	16	10	0	19	22	0
c5e5fd5c9af649aec207b86dee76d5f3	8	0	10	0	0	0	0	0	0	0	0	0
ee0cbf5dda05dd1c396eed829cd82b77	0	0	0	0	0	0	0	0	0	0	0	0
c4170fd31c9aceb042c699e6c8b0f486	49	29	14	12	28	25	6	0	8	7	8	0
577a82150a9dcd74a90566d7d8711eba	0	0	0	0	0	0	0	0	0	0	0	0
dca8a152f35348bd9540d2c52604fdce	0	17	0	0	14	12	0	0	46	34	25	24
e36be349dea51383ef7c2f26dd242def	0	0	0	0	0	0	0	0	14	0	0	10
a5da7006928ee998fe32cdd9378c856e	0	0	0	0	0	0	12	26	0	9	0	0
df4d1c713c5dba30c53365d6a47af819	52	36	42	65	29	33	52	40	317	32	14	17
ac6339220d6d65fd32be30bd13317b2a	0	0	0	0	0	0	0	0	0	0	0	0
4115cd19d50e5a6b8550c3a1f9a6c75e	9	0	4	0	0	6	0	0	0	0	0	10
761a5b764f64b30ade5356842706afb9	0	0	0	0	0	0	0	0	8	0	0	0
3c01540f689ab74dc5d2346cebc1f09c	10	6	10	0	0	7	15	0	0	0	0	6
04611dabe3583caf155167674ef7e0e4	6	0	0	0	0	0	30	44	47	0	0	0
5e18094f37d33836726fabc09f8e46fc	0	0	0	0	0	14	21	0	0	0	5	3
7da4c046b2e9582e3f885b029541976c	19	13	22	16	6	0	0	0	0	10	0	0
82428f73d298458b5521d85584416970	19	26	23	18	10	12	8	8	38	24	19	30
85c902d02faa7542bbb97dc6bae04808	0	0	0	0	0	0	0	0	0	0	0	0
577803f3876eb718cf8784b21f5ad1de	15	0	0	10	19	0	5	8	27	10	15	22
b72909635060381035aa822951ccee03	0	0	0	0	0	0	0	0	0	0	0	0
fcc58885c1a8654bf710ef3670e09067	5	0	0	2	0	7	3	0	16	0	0	0
8b112a3d78d318b40b46b3880a5ac5ce	0	6	0	0	0	0	0	0	9	0	3	0
6337b308d49ea78bc68f9100ca6c62b4	0	0	0	0	0	0	0	0	0	0	0	0
c2236727ffae6d3d4521989084fcbe7b	0	0	8	0	0	5	0	0	0	0	0	0
721bbde09abf2f51fc7d8caeab5b22f1	22	14	13	23	11	15	10	9	49	59	79	77
4afbf45f017f69e11e9987ce9b6181c6	0	0	0	0	0	0	0	0	0	0	3	0
c95e3703cd5953c54f74dcaada1b4d11	0	0	0	0	0	0	0	0	0	0	0	0
b1d42839235884b6341cc6faed8133c8	5	0	0	0	0	0	0	0	0	0	17	15
4dc6ef51a9b73f8ee1743f3703acbf21	0	0	0	0	0	0	0	0	0	0	0	0
10ff4631cc5198bb5add391eccbd5a09	7	0	0	23	0	3	13	13	26	0	15	21
09aa3b3ecd6f6b9fe32a08085c562bc2	12	21	28	5	3	11	14	17	17	4	0	8
405600e715167b5f59ca7a6438a970e2	115	0	0	121	61	32	0	0	0	0	59	57
a5badf213766c0901ad04a3954c3605c	0	0	0	0	0	0	0	0	0	0	0	0
59e154bb767e030d5bb084429909dc38	0	0	3	0	0	0	0	0	0	0	0	0
60f93fed83d17d00026301844c347826	39	21	38	34	111	114	43	49	41	26	0	0
446b888f8119b56e60b68ad01e3dd288	0	0	0	0	0	0	0	12	0	0	0	0
e5d55481f7455ae8a4620451dc7ac39a	0	16	9	33	29	0	0	0	0	2	5	9
6b08596cd7fa0727c16c28d4e0aacdbd	0	0	0	0	17	0	0	0	0	0	10	9
c674c60be5fdee49a7f9a7400628516b	0	13	0	8	0	0	4	0	8	0	0	0
d7ef89fbe0b04fbcfcd1261bbba40170	0	0	11	0	0	0	0	7	0	0	17	43
7f376708c68ed6179a0a511813741711	0	0	0	0	0	0	0	0	0	0	0	0
9990556a758f00dd3256d20da02f2b65	0	0	8	0	13	0	0	16	13	6	0	8
6e5be229dd49e819c917d2ae8b72610b	74	52	46	82	0	57	41	47	36	23	7	20
f64f55b1af9b863086103dbf76e94e9f	44	31	0	0	45	0	0	0	0	0	0	0
79021d09f56f5a9d31ee75070bcf7f5e	0	0	0	6	0	0	0	0	0	0	15	0
2a89717b521dc276ae1bd08090909dc4	97	145	221	151	148	206	107	125	229	148	117	88
9f4373f8c06d8d3224c4a427ef0d8b24	0	0	0	12	0	0	0	0	0	0	0	0
621c47eba23ae9c542cbea58e92ff9b2	0	0	0	6	6	0	20	0	9	0	0	0
021b898345f1a2b66c1e0da5f63a93c6	72	62	50	60	32	32	50	31	34	25	44	32
2c03d1d1b74f0bcca4004949d91a8498	0	0	0	0	0	0	0	0	0	0	0	0
2f613f086b32cfde3f9f173f2f36c2eb	0	8	0	0	0	0	0	0	0	0	0	0
ac2264973e2da89f1d291df03a384eaf	0	8	0	0	0	0	0	0	0	0	0	16
ebc4cebda1feae3f47fdb85cb7ec8152	5	0	0	0	0	0	0	0	0	0	0	0
303a7154d796227f169b54201738c2ac	9	0	0	13	0	0	0	0	0	0	0	0
fb71e6e811a74ca8b3b715fa97fc28d9	4	15	4	7	6	0	5	0	0	0	0	0
149465e40c1bdbc6230588a58a4d6eb0	0	0	0	0	0	0	0	0	0	0	0	0
61fb5ca7cdf03302d8aa64792733a5eb	6	0	0	3	0	0	19	17	5	0	5	4
2049cb044cbe760209d1a4b23f115485	0	0	0	0	0	9	11	0	0	0	0	0
3f574a1c6ddd83e13a9f0c0d99628511	0	0	0	0	0	0	8	6	0	0	0	0
503ec9c9c280d85166ed0d80cc17a73f	0	11	8	0	0	0	0	0	0	0	0	0
731f05b0a2cd5a295eed1bf67823ec44	0	0	0	18	22	20	52	14	61	0	0	0
c2c99a964424db8c4521ae10c2230b1d	0	0	0	0	0	0	0	15	0	0	0	0
b9ed1a2c86edb972db7742981e6901da	14	18	17	10	0	13	10	12	13	20	13	12
cd8d2ddb88bbe44dfa61a34dfd244b0b	11	9	12	7	9	7	10	11	11	0	0	8
667e2095050a61e299876d8b5b13a0fc	0	0	0	0	0	0	0	0	0	0	0	0
75bd82a728427b9fe0161be3977a9dee	6	9	12	6	0	4	0	6	8	5	3	0
1ec78cf2c330d5a8e7c5c57640213633	0	4	0	0	16	11	7	19	8	0	0	0
914cd932c40f857f5730b165792e560d	17	22	21	18	9	11	14	4	18	18	16	19
4ac5de6617d5b4d5201a8d2d98c785e7	7	0	0	0	0	0	0	0	21	20	14	10
d85f7c80c1ad16d5903ce9d78ade5916	0	0	0	0	0	0	0	0	0	0	0	0
f0f49cfc0e017d94d79c5343ebb84b57	0	0	0	0	0	0	0	0	0	0	0	0
b2097d12843899152a99e4faeb92e3e6	13	0	24	20	14	24	13	22	39	23	16	23
f46fb27c910cdc08b14ef44ef5fe22ea	0	0	0	0	0	0	0	0	0	0	0	15
501a3e687c65822914e1a727e5f43331	40	47	28	44	21	20	31	54	42	39	30	41
4cf188972b8d1634a23e12f740f5f998	0	0	0	0	0	0	0	16	0	0	0	0
85ad3838de9cd515fe87a67ecc1e8637	11	7	7	0	5	13	14	16	22	0	0	0
55e62a37d75f2f867ef4733f85b82a45	0	0	0	0	0	0	6	0	9	0	0	0
d925f54f2129619db22eb998d6021440	0	0	0	0	11	11	0	18	20	0	10	8
0f2a5acc53e55f2c9f0c7409421dc5a0	46	36	28	21	38	46	20	25	31	19	20	15
ab620840ec71573b9d4fd3816bc52d02	0	0	0	0	0	0	0	0	0	0	0	0
7aed90fb085e16c3c98bfa68130096d0	21	8	13	10	11	24	14	13	23	18	9	8
ee92daa238d9b91f85aef29b32ee15c0	3	12	0	9	9	12	0	0	13	5	0	2
c518773de1fa8f58aebfc3c18e017d10	0	0	0	0	0	0	0	0	0	0	0	0
4927f5442b2fec699888689c4d58db0d	8	0	0	0	0	0	8	0	0	0	0	0
12470c486f558c083c46b45408cae9c6	38	42	28	19	16	22	19	19	16	12	17	25
e3811dd729c742150d8c1c5f6e40c5a9	0	0	0	0	0	12	0	0	0	0	13	4
cc82a5a0b284dea47583c8afa5a99755	43	52	68	47	30	42	39	32	80	32	37	62
840320d7f6d7e9149a050f538af0f1f2	0	0	0	0	0	0	0	0	0	0	0	30
14e78619269b8c45554ab4a8ddf2f22c	30	22	29	33	22	51	30	34	43	0	0	13
533d12102a68064994d75cd26a0fe0e8	0	13	27	0	0	0	0	12	18	0	14	13
46106f5c1a2dda999551e9675cd3568d	0	0	0	0	0	0	0	0	0	0	0	0
ecb3759e804e8c86d9fb0de817207fe9	43	79	92	48	58	70	151	99	92	31	15	21
c5aad5ebe154556c8422b669638c0745	198	133	162	219	84	77	95	81	135	63	45	67
7d518e827d9d6a525a3c1d4b64bdc73c	40	15	57	29	46	32	55	39	38	15	26	28
c333e71d2ae296d13529e42b9b680c87	0	0	0	0	0	0	0	0	0	0	6	0
5f6bdc3dace0a57c79c3b16b0ec58117	0	10	0	0	0	0	0	0	0	0	0	0
d6407426a326d0bd8663a18e3e7f38b3	0	0	0	0	0	0	0	0	0	0	0	0
5a84cbca09090824be95118781802f82	9	0	0	0	0	0	0	0	0	0	0	0
1e66289327edd690ec0ad509d4257101	0	0	0	0	8	10	0	0	0	0	0	0
515ad3b9f531ee0ac0f1cfb15b74f61f	0	5	0	0	0	0	0	0	0	0	0	0
ee766857ab5fc018ac26632146bc90e1	63	73	104	74	57	85	55	69	84	41	45	48
c0edea80a4d623eb75e03daa3536a4dc	0	0	0	0	0	0	0	0	0	0	0	0
48120f2d28136884787660eb4953652a	22	38	36	36	42	53	30	48	33	25	39	32
680b2a1833c5c2699fe4d5dea7cc0960	20	15	21	11	14	13	9	13	15	0	0	11
00dbcec69924cc7694d15fa0e7d8ad8c	0	0	0	0	0	0	0	0	0	0	0	0
e8d9cf1269b3bc64d0ea83e604600031	64	85	90	75	0	49	104	116	90	59	50	51
c19c906ba229e4d72bd09632ac4b6a9a	0	0	0	0	0	0	0	0	43	0	0	0
f3e9d78daeea42d345080748e31ae3dd	134	139	96	137	89	96	111	106	133	66	171	184
d1276b57b5c5112b25ebace385611d4c	24	0	0	0	0	0	0	22	0	0	0	0
20ac30224f0d6923615fbc03ac84563f	36	27	31	40	25	50	0	25	37	0	18	30
958d78a02bef69a795806f97adb117ea	108	79	167	115	81	111	76	109	125	54	100	96
7807a7c66b7e44dcda14bb67b2e6a4b4	11	0	0	0	0	0	0	0	0	0	0	0
7215e6796de3e835c8879da79b1b708d	14	23	24	24	14	10	13	22	20	14	10	9
7963654625b74816cd1eb1373a31352b	0	0	0	3	0	4	0	0	10	8	0	0
dca5bc29c8ae92cee48c6ec73347a13b	0	0	0	0	0	17	4	0	0	0	10	6
1a9df3fbbc7fc8cecec4239cf801d2fc	0	0	0	14	20	18	0	0	0	0	7	21
2747bd94a19fbfa82f1e90e326d2f100	0	0	0	0	5	0	0	0	0	0	0	5
851bd80d021dcf4e9f3f11e95310927c	0	15	25	16	14	13	0	18	11	0	8	16
bf34422106e5974ddf75216e2c05273c	50	83	115	121	101	68	108	158	239	124	173	268
b626f138b38869370e731ee3adb7cb20	0	0	0	0	0	14	0	0	0	0	0	0
e2f7a842202a007080729d9ad28399fd	26	17	10	24	26	17	0	11	12	0	9	0
b454c56ae7923cac07b03196d8b77304	55	47	31	139	28	19	22	24	20	23	11	0
ce78414357068359ddae6a47b6592a08	97	141	101	104	102	155	71	82	173	81	99	191
65b43ef12cd01434a8f7c309eccd229b	15	17	11	24	21	14	9	22	0	0	0	0
86555947ddfc576c1bb9c42deb3998df	0	0	13	0	0	0	0	0	18	15	18	19
924ab5cb47309a83e71d60320378d194	136	87	141	99	67	114	49	78	88	48	61	76
7a8d0125158d1dded935e4652afc68d7	6	0	0	0	0	0	9	13	0	0	0	9
6a8118b17d1d40cf877db24449ceb616	57	53	78	98	68	73	34	67	101	74	103	109
401e9cda8dd173db76e03cfe30f2274e	12	21	82	9	0	0	25	30	15	13	14	0
920a4d1a3e7643a60851fd9c292f5b09	11	28	26	21	19	24	23	23	17	0	19	0
d92d53b67f4b4a2516ca359494db4c24	0	0	0	0	14	0	0	0	0	16	0	25
045acd620c390c80b3447bae8b6a039b	17	0	12	0	25	6	15	11	41	10	10	15
ef7a59a2c2a260e03e8e6df36b757be8	0	19	10	14	19	25	0	15	0	0	7	13
d3afd2a72e2802c2cedb6df13114f976	0	0	0	0	0	12	0	10	10	7	0	0
dbf83ada1041e3b4fdac47d2dee0a5e5	0	0	0	0	0	0	10	0	0	0	0	0
912487364b4fda5993a03f47d60111e9	37	56	54	50	32	51	22	30	45	25	22	40
2dfc021ab6895ae3b4c956d50052f17e	0	0	17	0	0	17	21	0	0	0	0	15
8da18b476b64f6f053647455b6890f80	566	484	582	565	421	364	305	399	368	270	407	333
26ee5cc033fe90d66abb46599510136d	0	0	0	26	0	0	0	0	0	0	0	0
273fa0191072af3d33e32271b35c8f18	11	10	0	0	0	26	0	23	16	0	0	6
7376eb30d4a59d2e35c4a558fa824a08	0	0	21	27	7	0	0	0	0	0	0	0
d06a285ea63bd5cc53a4b0e46d0cdd72	0	0	0	0	0	0	18	0	0	0	0	0
885af48524af5ccac2ffcff5abf6c1f9	0	0	0	0	0	0	0	0	9	0	0	0
4066e07db1bae989fd02d771401e3b09	0	0	0	0	0	8	0	26	0	0	0	0
81f59f6a76c8682de1719c97b5b24173	29	20	12	23	15	14	13	24	13	0	23	26
99ee92e36a3bfda54437f2370facd8c8	12	15	29	0	0	13	23	19	19	9	0	0
2783cfb6d7de15a25ef63622271a1119	0	0	0	0	0	0	0	0	0	0	4	0
55f2658f7b605509d87faed6518dd8f7	0	0	0	0	0	0	0	0	16	0	0	0
7f9e1fbf398c63281f0304095da84988	0	0	0	0	0	0	0	0	0	0	0	0
85db0d60e8985f5dd02b1b3c10e2c371	0	0	0	0	0	0	0	0	0	0	0	0
2197e3c697e9c1427ae1c3277d3c71f9	0	0	0	0	0	6	0	0	0	0	0	0
3a0c3715dd9f87439ce1e19c41ec0802	0	0	0	0	0	0	0	0	0	0	0	5
e5ee1d85ad16f8c94333754ffe9430ff	48	62	65	47	43	52	55	67	74	46	44	64
00257344a745394a66444d38dbd49b6f	0	3	0	0	0	0	0	0	0	0	0	0
16c45a0af241dd3bd6972350fc62e47f	0	0	0	0	0	0	0	0	0	0	0	0
7799200040e84123975fe96a93db4500	0	0	0	0	0	0	3	0	0	0	0	0
edd20430f064018eb7b670a471d94c3b	0	0	0	0	0	0	0	0	0	0	0	0
91480d7ac14d64784f4ab4c09c88bffe	0	0	0	145	0	143	0	140	0	0	0	0
836bfc88bc7799209a2398d0ee5fc221	0	87	105	144	0	0	0	0	0	74	49	531
8306e6c44e5ad0b727a1843d6b05767e	39	44	64	62	13	46	31	507	34	243	85	36
2f1b870f0df4f964406062eeb841f668	0	0	0	0	0	0	0	266	15	54	0	0
e61b52cd3ace83b9a3515c17c6438a87	777	734	1133	1884	169	225	245	223	307	310	0	234
c0ce7966849fc5b3c2cfa51fa0b01edc	0	0	0	0	0	0	0	0	0	0	0	0
f76f9398a707c47754f8308d099abd13	0	0	0	0	0	0	0	0	0	0	40	24
94d0b9ded26f846ff15de4f3e4f0da6f	0	0	0	0	0	0	0	52	139	0	0	0
2a7cbb47c175578cac650fe04b7f171e	0	0	0	0	0	0	0	61	138	0	0	0
a490e1b882ad784ba673e53304d25896	0	0	0	0	0	0	37	69	143	0	0	0
df1e3080300aed496c300246714bd838	0	18	0	87	0	0	0	51	127	19	44	29
ea7fdec3b5eae1d7442f920a759e2813	0	0	0	0	0	0	0	64	83	0	0	0
c33ca51a04c665085e119ae4b6c96fc8	0	0	0	127	0	119	0	0	0	0	0	0
b8455681fc92d051fdd023aa62417fb3	2354	2616	3780	6831	613	980	529	1200	818	1013	188	2935
f313072fc920c0d190de49c6729bed51	0	0	0	0	0	0	0	0	0	0	0	0
7986ebef50cc6268d450a21b9157d4c3	0	0	0	0	0	0	0	0	0	0	52	33
6a80c4d47b44c692aeab74181c5fe012	0	0	0	0	0	0	0	0	0	0	0	0
c7eae2731b14731bb0f37c78033e4a28	0	0	0	0	0	0	0	0	0	0	0	0
934b1ae719df62ead4cfe21925f42049	18	11	85	3	6	10	12	7	14	20	0	0
909b4b6e0c056f2740181a716f843e8b	0	0	0	0	0	0	0	0	0	0	17	0
c7e785c8e289c83881a0d6d6c5038baa	0	0	0	19	12	5	0	0	0	0	0	23
4380abc163ecefa354d7002925971253	3	0	0	0	9	12	6	0	0	0	0	0
fded9ff7f54a838e9511e58e26c46064	0	12	0	0	0	0	0	0	0	0	0	0
5f09dad8d3b88d5dcdce31030983c51c	0	0	0	0	14	27	0	0	0	0	9	5
b0f809cbabf3ac99182581ec095868b2	0	0	0	0	0	0	0	0	0	0	0	0
e791655d0751a7b94c3da722891dbb60	0	0	0	0	0	0	0	0	0	0	0	0
81a2990f9cfa961fada745053a685388	0	0	0	36	39	0	120	90	58	0	44	39
a58acef811c6ca603a8985c5950d2405	0	0	0	0	0	0	0	0	0	0	0	0
92cacd5cf65022777afd65aeeb844c27	0	0	0	0	0	0	0	0	0	0	0	0
b155d97b79acc3086ce118451afa0124	500	287	453	232	166	244	229	120	516	384	266	504
00cd2f68603124759047487807589f27	21	33	15	14	21	18	6	11	56	10	38	27
9fac45309651b2907fa6715ab127400c	36	10	16	10	0	8	10	20	10	0	0	0
acd5756c803df3f582bc0361513b8c70	0	0	0	0	0	0	0	0	0	0	0	0
ac28c199405fa8466bdedf16d456edbc	396	292	408	288	158	283	210	245	353	258	298	335
ffad5cbaf6056b4fc3a547684c849841	0	0	0	0	0	0	0	0	0	0	0	0
6c921e3ae0af506f54295d074ca071bc	687	748	3135	1041	271	433	1431	905	423	371	145	349
c67805e12dc927c5b3ba6b192381ecf7	136	68	0	85	53	0	0	0	0	0	0	0
d6443ae1b639b169177263669b3256d9	0	0	0	0	0	0	0	0	0	0	0	0
21a2a9b12d5394c6301fa0490f72f96f	0	12	0	0	0	5	12	17	0	0	14	16
af702a0c8bb313567e06504faf80942f	0	0	14	0	0	0	0	0	9	8	0	0
a9bb943f579e2a70186c19aae1c8ea0a	0	16	21	14	10	35	199	13	134	113	21	142
ee2b075d002ffc1be2e0cab83c6e4d44	0	0	0	0	4	0	0	0	0	0	0	0
19461fa04167e165a5d4a27e14c8226d	0	0	0	0	0	22	0	0	0	0	139	129
04fc2a013ca103abb05f583df51dd717	24	0	0	0	0	0	0	0	0	0	0	0
8bc38c3373b9d45eed6aa5a1d3c9dcd8	0	0	10	0	0	0	0	0	34	35	14	30
238e0fbcac917cbfa3de2e6c3e1241c8	0	0	0	0	0	152	0	38	0	37	0	0
b1915600b82ca5a269b4193ac247822f	0	0	0	0	0	0	0	0	0	0	0	0
f9f1a44c550f1bf4e1814e3c92c83462	0	0	0	0	0	23	0	0	0	0	0	0
13506518b825bfbd65794347af5958c6	0	0	0	0	0	0	0	0	0	27	21	14
a80466eb93811bc792e1524c6afc316a	0	0	0	0	0	72	113	125	0	0	22	114
82e0302671bd7beff0fc58ee1d09a85b	190	189	36	175	39	0	0	54	63	18	0	0
41968913d9ca2d9dfd73c99f7947bb01	32	107	44	120	79	84	0	0	80	38	190	165
8bc48c8a36818b9f4ff4f18b377e5bf6	0	0	0	0	0	0	0	18	61	81	133	14
23462e39e31bf2d1bc4d7864ca01462b	0	0	0	0	0	0	0	0	0	0	0	7
a04d23062fb73d371c2d57828f92e027	37	0	0	3	0	0	0	0	0	41	37	57
a0c34a2e18312e1fa31bacda1fc03b60	0	0	0	0	0	0	0	0	0	0	31	64
09fe878f37fdb48cdc41797c656c05b2	0	0	0	0	0	0	6	0	0	0	0	0
8c65d91e013525d1c8606fab40e0a88b	0	0	0	0	0	0	0	0	0	0	116	86
d4dda2c83187c9d33ef042c074b666b1	0	0	0	0	0	0	0	0	69	40	143	86
3b0ad10d8b65188ed821ad66f710b506	0	0	0	0	0	0	0	0	0	0	0	0
beb1407c19f7fa27ce3bbc0aa7f36157	0	0	0	0	0	0	0	0	0	0	0	0
acf76b1f22c9536ca982df6f9b0219da	0	0	0	0	0	302	0	0	0	0	0	0
d3d5f57b1c8aafeca61afdb1627d2990	561	251	225	174	260	194	175	145	1023	739	530	652
a10ad900d3609fd1ec476ae53fd293ee	173	82	57	0	0	0	0	0	0	83	0	0
3e064c3f883fdd051884a58537182eef	0	0	0	0	7	0	0	12	11	13	0	0
e238c6f976254aa34d2106b20782549a	0	0	0	0	27	45	56	28	44	32	31	50
2bfd220284f4208a729f67f3f6f073c3	43	52	35	35	0	0	0	0	27	0	0	0
c1fb523690f4db6515ed0ab146d1ab8c	52	24	19	49	53	27	18	55	60	13	35	17
34acf094640c87c401f04665eb4c44fd	11	24	17	0	0	0	0	0	0	0	18	18
c220411c349b8a75624ff17ef6fd3923	122	126	161	259	209	208	134	122	966	1157	1013	523
888a5b0fe8b87a21d438245c37b9ad81	39	50	56	45	0	32	50	0	281	421	242	145
9d24a5958524b572f096d356fd33187c	0	0	0	0	0	0	0	0	0	33	90	42
d084b32d5ad7ee012fef1f2de8889355	43	23	55	23	31	19	54	93	33	23	34	53
03a1f9f63e2fa6c7bdf27d33eba2b09d	513	284	257	205	105	80	138	584	276	211	158	808
270a745647e1f4f2daefddcae78b43c7	142	70	82	76	0	0	0	142	140	0	0	274
64887d477599cd3dfb5734b05544d746	0	0	0	0	0	0	0	0	0	46	0	0
c3e8496b70f7341450e298f29c5fa4e5	123	168	147	132	78	64	44	21	44	28	0	0
9afd42dd378444442546f48115a951ec	353	139	153	127	112	453	1592	800	275	119	0	0
223141ee97781bbede60bb494d599448	91	117	196	0	0	0	0	0	0	0	146	148
b1652dc664d4e8ce2d123d26687d1204	124	143	312	228	524	454	135	109	554	411	379	283
de3f4613e9a94b62157b9f3309c18a16	119	126	193	0	0	0	67	73	31	41	211	214
3d2cd874a4eea35af603ca0c0c25c89f	15	20	54	25	25	17	110	101	16	13	23	16
48d8be76001a9d251dc030b142483539	0	0	0	0	0	0	0	0	32	0	0	0
4eb53a520f214f1caa432f16967223c8	0	0	0	0	0	0	0	0	0	0	0	0
97630dd1898c25b4934be96d197bcbc7	0	0	0	0	0	0	0	0	0	0	0	0
cb64c626e68a529f6f20274320e4b0b5	0	0	0	0	0	0	0	0	0	0	8	5
8cadcb7be6a644953d0ce8e8118a49d3	0	0	0	0	20	30	0	0	62	52	43	22
fcc84f75257e928f79853e39bb2c6d23	72	86	102	102	17	30	88	95	87	51	29	63
38e1bee25028fa024ea7320caf4c0793	0	0	0	0	0	0	0	0	0	0	0	0
283e3bb1503d6138865af985b31fbd6e	0	27	0	0	0	0	0	0	0	0	0	0
531aa5958090e7b9ccce63177bb153cc	7	11	7	10	8	0	32	31	29	19	15	35
f30c976bd39acbbfc8564c7beba4b875	0	0	0	0	0	0	0	0	0	0	0	0
6b58eab3efa3d8fc502c99815d19e932	16	44	20	18	12	15	54	70	56	26	40	36
8ad691ed2c82e37ad4174a810573160a	0	0	0	0	0	0	0	0	0	0	0	0
325ce268c8bbe026198a5ca3dbaad5b9	39	34	64	54	69	89	30	63	86	0	63	41
43f7b2bea192236465a055a5691e9735	0	0	0	0	0	0	0	0	0	0	0	0
8e6f1849d93723676dff6cb1962941a8	0	5	0	3	0	0	0	0	7	11	8	13
8e74f6f63a5f9a304aeb8284be71fd23	61	24	0	71	46	83	104	63	189	78	57	173
c75ae6008025d80134bd14e9712f9d5c	53	52	0	58	28	0	0	0	35	86	58	139
5331f57ab0f2e416cce5e856ca82bc07	0	0	43	0	0	0	0	0	0	0	0	0
9b89b811be9292552e327f16a217ee6f	25	18	19	15	20	28	28	18	58	39	29	55
a50c9cc7f2ea1d2e0fef0f0f1cee917f	0	0	0	0	0	0	21	15	0	0	0	0
6d4ab2107d92228c6751838e7dbbe697	139	39	83	59	31	29	75	74	60	34	14	11
324a68faea87d16c8e64abc6856e10e5	0	12	0	8	0	6	14	0	11	0	0	0
959b9a53f413963f0de2b48bc4ceaece	0	0	0	18	18	0	9	38	16	17	37	21
1970af775bfecdd2ca50180b69989ee0	0	0	0	0	0	0	0	0	10	0	130	37
2d0bb6d60955af65d5015fb0453df272	18	15	22	19	8	20	19	14	32	28	16	27
3883c3ab093249287e47ca21ff186ca4	0	10	9	0	0	0	28	19	0	0	10	12
9ecb011b73b151660fc0f8650ef1da00	15	0	0	9	0	18	0	0	15	22	0	0
aa19b65fa066defdc12ae4b7f2f00066	6	0	0	0	0	0	0	0	0	0	4	0
538add871396bc31fee52b4c6e73542a	0	0	0	0	0	0	0	0	0	0	0	0
25f537c4856de1617e682de90caba215	0	0	11	7	33	32	0	0	37	0	44	7
9db5855bd9b253f9c84c6b36b3e25451	0	0	0	0	0	0	0	0	0	0	0	0
b8cd8bdfb9f24acdc936b524a9d81d57	0	0	0	0	0	0	0	4	5	0	0	8
a9241ac1841b7463ed03c02216f5e93d	52	61	152	91	108	89	44	58	50	28	0	49
80dd71f0135ba7b0b937f699b90d18d8	0	0	0	0	0	0	0	0	63	0	40	81
08faf2041b38f0c8f2faa68e7d5edd31	75	22	0	37	106	120	0	44	62	62	0	51
9101d60bb370d977b78e454d1dfbc277	11	0	111	32	0	0	0	0	0	0	0	0
11104e33ee91bc69f8600bf833f055f5	0	21	157	49	0	0	29	0	0	0	0	0
2923f08e6e63848338bd8c36fca23dd0	0	0	90	30	0	0	0	0	0	0	0	0
eb780084d3c5b406ff6ff7a4734850ec	86	57	30	129	35	41	41	129	222	100	23	41
e05e0601d6b4b53c58dc0595b61f91a5	0	0	0	0	0	0	0	0	0	0	0	0
62669fe8cbcac323242a062e3c6a3386	58	72	78	40	40	13	37	84	36	16	0	7
7566bcf9eeeac8d93022dfa6b5e75ab5	0	0	6	0	0	0	7	10	9	0	7	0
185fd5fa18cb1cc8b0fa2bacf60af299	10	11	31	7	7	21	9	10	8	0	0	6
c3ff4c29778c6c86865687a4061a3382	0	0	0	0	0	0	0	0	0	0	0	0
226ab97195d19858d059fffaef17f5d7	246	175	295	193	122	92	61	65	74	85	88	87
c8738b09261f9ea1f3414e16667fac02	101	53	101	68	21	0	13	21	0	27	26	42
811f358e4e89eecbd75298ffce878cba	0	0	52	99	0	0	0	0	0	0	0	0
bf5f9d8270688749d52cb3dfea76b096	0	0	0	0	0	0	0	0	33	11	40	20
5350cb7ce82bdd6c877c33d2a14a1f19	0	0	0	0	0	0	0	0	0	0	0	0
97cedb38639c436b01657f69a87fc45b	27	63	52	0	80	237	126	90	158	0	32	26
ddb4dac009841c724d01963915728bcf	0	0	0	0	0	0	0	0	0	16	29	17
25946b1f44d8e53165785e8608641763	0	0	0	0	0	0	0	0	0	0	0	0
b1a9cbc85f1d28c19a09353ed14853e0	25	20	28	33	11	24	143	488	34	24	0	0
b96d2310701b0f232b5fec79a5474a9c	0	0	0	0	0	33	0	0	0	0	15	12
466f240b16ae7967d70c0d1c09d52b3d	9	23	7	5	10	21	0	158	0	0	0	0
5ff8e498511cf932f268d705707899f2	14	19	0	0	0	0	0	0	0	0	17	8
83675d30639c20d61e9f59c2b956ee5b	0	0	0	0	0	0	44	30	0	0	44	22
3ee3085cd6f25c2449332df3675b9eee	0	0	0	7	36	0	0	0	0	0	0	0
1935fea51cfbe50da222589365912e20	5	0	17	0	0	0	0	13	0	0	0	0
f7931e842cdbe3e397b3362b54c3ec04	0	36	34	36	19	0	0	0	0	0	0	45
681a8ee32e1e1d3ff4af9eaea413cf0d	36	0	0	0	0	24	0	0	0	0	70	52
3cec387e3e89982bf989b857f7c296d1	0	0	0	0	0	0	0	0	0	0	0	0
00d2bfd458db807e323de703ef956d04	0	0	18	0	0	0	0	0	0	0	0	0
6536a7bc84c95500ef05185628c9f407	27	27	0	34	0	16	23	0	0	0	0	0
a93780af2e54c4e6e3970ebeb5021540	0	0	0	0	0	0	0	0	40	24	10	22
516abe8aca671b9504206b90372ebe45	0	0	0	0	0	0	0	0	0	0	0	0
49278a5c999a5119dec0511de99e703a	32	30	48	23	27	41	29	47	21	15	10	19
0e72f4c11807e087591bea6763e5c0e8	0	0	0	0	0	0	0	0	0	0	8	0
a5a7486c3e60ff3d6cc20e9e6359e7ea	63	42	201	65	25	35	31	26	37	22	0	18
c75284513382fed03d61149aa4a05965	0	0	0	0	0	0	0	0	0	0	12	0
3fde62dbf738cc03eb8d8ef5f585ffbe	0	0	0	0	0	0	0	0	0	0	0	0
f0ea1e3d7fabfb8497741de9a3402b6e	0	10	0	0	0	0	0	0	0	0	0	8
26d95f66b97240febac5d7976fe5ebaf	0	0	0	0	0	0	0	0	0	0	0	0
e04cb8c96d35fee0e181a15fc4511d0c	99	80	65	58	386	442	126	329	137	148	123	151
61db0bd527e07336202fd0ff4578c042	3	0	5	0	0	5	0	0	3	0	0	0
4598e7db6dff8f019ff4f6c50dc05df4	0	8	0	0	0	0	0	0	0	0	12	0
2b33752353804e5616919765189fded9	0	0	0	0	9	29	8	56	24	0	0	0
da655131b22bfd130476359a287ed672	0	0	0	0	10	14	0	0	0	0	0	0
901c9973bde010c1a5c49023e63cc252	0	9	0	0	14	15	8	19	18	15	19	20
0f4a15d85033f63632e910d9603f3918	0	0	0	0	0	0	0	0	0	0	0	0
9a99f54878f0a70301215219d29b9139	0	0	0	0	0	0	0	0	0	0	0	0
7f416f8355eefbb8f3f6e6b3b2b1c42b	0	0	0	0	6	0	0	0	160	0	0	0
1e238cf69a93a1a2daa7c27cf7f252f1	0	0	0	0	0	0	23	0	0	0	7	0
5de6a1c6dbb2a3877889d30017c5aba4	0	0	0	0	0	0	0	0	217	95	0	0
37a7e187d35366eb6167cbe90e558af1	88	94	72	86	97	84	175	186	140	272	1130	417
e07164dc4c344fb8e6717042190ef640	0	0	0	0	0	0	0	0	331	188	0	0
20ffb1eb28a74810e0c5fd95825aacb5	0	0	0	145	139	160	9	13	0	0	140	111
c2ad34addc26f871b36e062f6816d89f	244	231	275	223	3598	3834	243	264	273	209	0	0
4ed1b5cf2300afb72f7fb97ec6ff2e9e	97	85	84	104	1370	1375	94	93	108	73	0	0
98f7a3ab6c00ede77b927f2239576bac	0	0	0	0	0	0	0	0	0	0	0	0
0081630636d689a543db5a409e29e137	0	0	0	0	0	0	0	0	0	0	0	0
1328ddadac3f2d08eb25e79a18f7e574	217	226	297	245	3264	3709	266	229	267	165	0	0
a041854710ddee021d20b32a92d22a0d	0	0	0	0	0	0	47	47	45	0	26	36
9b4036adb487adfe4ca484346b5b9a7b	155	96	0	88	0	0	0	0	36	0	214	142
9c6688b479e664fa9d070647653e49ed	779	461	530	280	473	532	583	708	3496	758	685	846
9f3ae9f6096976f00cd7c13a4717ff1c	52	30	52	51	138	267	38	48	63	41	57	62
fe516a0bb523000957631796a11d9f46	0	0	0	0	0	0	0	0	0	0	0	0
817ca6c7f764f795484d3ca3bf564576	0	0	0	0	0	0	0	6	0	0	8	0
a728a1dce17d5afb4677e6cc919c2391	8	0	18	9	0	0	0	0	0	15	0	7
675df60bfe10a0076c6359d6ce9e3c6f	0	0	0	0	13	13	35	11	20	7	16	7
d92069ec35d8cb0e5c570d0fedcfa47e	0	0	0	0	0	0	0	0	0	0	0	0
b3b9843bbbe0fbf712a588255088fd4c	85	147	101	91	60	42	53	41	44	39	23	11
bc252e0de1c683f043226dd0579e9323	0	49	0	48	0	0	0	0	0	0	0	0
11b7bb7d02a7be392bce27f6e0c9b80b	0	0	0	0	0	0	0	0	6	0	6	0
2312fa68895be3d61975e48dda211263	11	0	0	5	0	0	0	0	0	0	0	0
241358149d169fe77c6d1070671e4264	0	0	11	0	0	0	0	4	0	0	0	0
1897423f0a62b7e5e281904297cc2ca8	0	23	19	0	0	0	0	0	0	17	9	10
3562d3a0374b9f2ed190c1a7aa7dedb7	118	390	109	277	114	56	135	229	248	99	118	255
682dde043b6d08cf20021dc1e423446d	21	38	48	28	0	0	31	28	59	34	78	36
898eb92ef2d1ef893f7d0c383527b44d	0	0	0	24	11	86	36	0	0	0	51	39
e129bd321df00683c553210f7aeee3e2	0	0	0	0	0	96	0	0	0	0	0	0
294439019add4f19e8d5d95d40921207	21	11	12	27	25	16	28	74	61	43	77	55
65ec17bde16247dae43cc95be7729dca	0	0	0	0	0	0	0	29	9	0	0	0
fb3376cd5dd7b9f4c866e17253a3e5db	0	89	0	0	0	0	34	57	17	21	39	25
ec782af30cbb30f160ddea346c36c270	0	0	0	0	0	0	0	0	0	0	0	0
ad4b6889b2799ded92b2af6bb5513634	72	135	93	53	49	72	135	108	55	39	65	57
60a2e0a4d6760de56ad66a42a4093dc5	0	0	0	7	0	0	0	0	0	0	0	0
c3267810404a3b2c716b738e6f3dd497	37	34	0	0	0	0	0	0	0	0	0	0
e2ca214f7055c2a6eedc54ac7689d169	55	0	92	95	40	71	0	0	0	0	0	29
0dd0551c0dd279c12d8a31ad016f0a7b	0	39	0	27	24	44	30	68	79	29	0	35
51111e66d97d8fd3f0bdf584d69c7835	0	0	0	0	112	91	0	0	0	40	31	94
8d334c8bc411bb6f596f6b3919e660a8	0	0	0	0	0	0	0	0	0	0	0	0
22907d450b79c927e4ffe34a2d09d2aa	78	119	113	135	52	112	291	187	282	148	188	129
1c142238294d85cc1c2c306fa8998722	0	0	0	0	0	0	101	56	0	0	0	0
cf875aa5375131a1cd5c9fb01cca5f1e	81	75	54	57	30	17	80	79	50	35	66	30
bdf27bf0597da52d63064583bb957834	0	0	33	0	0	23	129	51	87	0	20	0
2491b6fd794f93238622a0a4f4e586fb	0	36	21	0	0	0	0	0	0	0	0	0
d898db5a436d53779dd96fabfcd03a00	0	0	0	0	0	0	0	0	55	33	43	0
23194d2b7c5d9dadd6ac2f254c6586d1	230	191	75	212	181	232	186	205	68	0	70	64
5fe7368c69e66529f0fe71354cc10fc7	0	0	0	0	0	0	0	0	33	389	77	607
87c289114433d115978cc05296ecb477	0	0	0	0	0	0	0	0	0	0	0	0
d9374dca5cde3bdf56ac82fa527976be	49	32	26	0	14	12	0	55	17	0	57	24
50313555c1a4385e25c85b06a5c8ad42	0	0	0	25	0	0	0	0	0	0	0	22
84977ba94188c5d008f9861e3e14d0a5	56	104	161	124	77	114	158	69	221	165	139	107
9a28e6b1aaae69477039957bc8a1222f	7	0	0	0	12	7	12	11	0	0	10	5
9edfa999eb587e4d5928c9a889269a59	0	0	0	0	0	0	0	0	0	0	0	0
b65410081c87ed629211d7fb136ec45f	6	26	18	0	11	18	17	11	13	42	20	31
2643df73928bfd7b6861c66b591af84c	0	0	0	0	0	0	0	0	15	10	0	28
2d01d21dc12ee96d173b6ab4e83f9a3b	46	0	21	39	42	107	0	0	0	0	0	0
389baca2895da43bd2e159efb7e006fe	32	89	99	34	23	0	24	46	18	0	15	11
c982470b2a0c52e8606b0898f3616f42	0	0	0	0	0	0	0	28	0	0	0	0
e9ba53901533347c901fadbda061b68f	45	34	22	18	23	50	117	96	62	28	27	31
deb6cb498b1f0a2e2098d8698813c54b	0	0	4	0	0	0	0	0	0	0	0	0
b539fc5b8526efb37342c72b3766b72f	0	0	0	0	0	0	0	0	0	0	0	0
d6eda88bd8370a52076b0dafde12249a	221	165	172	153	214	245	443	495	267	156	176	153
09e1c7b8b8af133fefb9d149d4f092e8	0	0	0	0	9	0	0	0	0	0	0	0
eecff9641610ce8616479b2af89246dd	0	0	0	0	0	0	0	0	0	0	0	0
bfa3561ca0d31bca54be08e2d9f7937f	76	104	107	79	37	72	85	89	89	57	93	71
31217980cfdf305668ba9c8482a34e81	61	79	123	71	37	77	66	83	71	83	46	56
f86c536a0839b448a93580a165464ab4	0	0	0	0	0	0	0	0	0	0	0	0
f3f57fb4feeef35aada1a409a3352520	0	0	26	16	13	7	12	13	7	0	25	0
9e3b0ce9bb690b78f97f20c102089c55	138	163	79	176	94	173	133	128	147	87	107	145
13d926bb55264829d6ec74a09a2b7af6	0	0	0	0	0	0	0	0	14	0	0	0
b301115074f6e3de36efa48b692c7f8b	0	0	15	28	23	17	0	0	42	27	12	45
4422afa5e085d3e4373b56dd5c28160d	21	25	23	17	28	57	36	51	33	14	21	16
5e0ba474de1b721e3e60a2ee92fbe1c9	0	0	0	0	0	0	15	0	0	0	0	0
0fa9b2ca1527c33928e33283f5f5fcc5	0	0	0	0	0	29	0	0	0	0	0	0
f54447ae705d557e2c2b3777fbdd56f0	80	151	150	113	103	169	88	76	85	58	33	16
5999c79b4a0c61c19a9cf4cc497f1514	6	25	38	14	5	8	3	8	8	0	7	5
e9401f3db9527e1a57b19c9117442afc	0	0	0	0	0	0	0	0	0	0	0	0
e997b84121104c0999ae87417d492b9a	0	0	0	0	0	0	0	0	0	0	0	0
10055b4de0b725f946f9dc5f3e8409df	0	21	0	0	0	0	37	35	77	47	0	41
f9f8a1e38fcd6166305ee1a90187d5ed	29	0	40	44	0	20	0	0	46	0	33	0
d7c3ae890ec4975f6c3fb50e9470b940	0	0	0	0	16	21	0	0	0	0	0	0
08ce27cee52afc14d82faaae7852a600	0	0	0	0	0	0	31	21	0	0	0	0
1841ceeb252a3e471065c84c01175567	104	106	126	111	81	110	73	91	117	82	124	50
1de796054bd9fe1ec0dff2c50d9e7792	0	0	0	0	0	0	0	11	0	0	0	0
2b90532f7b4cc2c26abd0f1f1657f80b	0	0	0	0	0	0	0	0	0	0	0	37
5708930606292ac6286844f406365ff3	9	11	0	0	0	0	0	0	0	0	0	0
bcb9f7992691d5858bd06a6bbd4f8681	0	0	0	0	0	0	0	0	0	0	0	0
f2e181baa6f69461b040ab8ad9fd0442	37	47	27	49	15	0	0	0	24	0	0	19
13419053675ea7871774235038fc1c13	0	0	0	0	0	0	0	0	0	16	0	0
ad967928a73ab98e764eee29f69d81ee	49	0	0	0	0	0	0	0	0	0	0	0
df83677209f895d1acd3362efb7f1f18	52	53	0	28	0	0	0	0	10	0	0	0
1c281deaf71c6d702d1ddadfa953eac6	80	86	109	101	83	126	81	97	83	62	50	60
1ed042ec7e64fa5c66f0898472c5ac02	0	0	0	0	0	0	0	0	10	7	0	0
5eaeab6fa2a8efe96eac7a0712c65080	85	109	299	107	59	94	288	229	83	106	65	28
6aaac37f56d07ffcea4fe9ef1cd00d2f	99	181	75	126	192	381	455	215	52	62	173	350
c7205100c08de2585db74f670a36edf9	0	0	0	0	0	60	0	13	0	0	25	0
8212472385df0dc1b6527a764d613b7d	123	132	66	198	28	44	86	104	130	59	81	37
91a093473cad95da81d9ebb47d5ef0c5	0	0	0	0	0	0	0	0	16	0	13	0
8273e6e7e9cd8b7401183186d38a7b9d	0	0	0	0	0	0	0	0	0	0	0	0
af26ba64d6f2fab3985dbc4fb2a8241f	64	13	48	14	0	5	69	70	72	89	146	230
66134bb23ac8d8a3080810183bf36ff7	0	0	33	28	23	0	0	0	0	0	23	17
2cf0267a31dc6f1b8ee65c913b8f6e4d	154	234	67	211	67	66	46	83	80	43	18	26
ff30b3d451a318cb5fcf4a87f83927ad	598	2325	356	1162	191	246	273	248	344	223	226	144
e5f421f77127c381ff85107a2d059a54	10	17	22	32	17	26	29	21	91	63	92	20
57e11c3559fa2ef79a2702684229e4ba	30	26	17	18	6	0	26	0	42	17	13	23
f9c752d5c510e07c457e029af2d6d31b	36	22	47	19	15	46	27	31	43	20	37	48
0570b4a067b34904d37cb5ddc848b221	59	72	48	54	54	64	58	92	64	51	46	41
cfb6d4bf474238fa56307228afe87405	0	0	0	0	0	0	0	0	0	0	0	0
aa3ee8a28c6bbf429c99b73d1edef269	0	0	0	0	0	0	0	0	0	10	0	0
088713e60ed61b098778719ac18e3236	0	0	0	0	0	0	0	0	0	0	0	33
50c77a7d7927650d7b1a093e9d2c62de	52	52	75	0	8	14	9	13	26	0	44	0
212a80f24d6b5b5282958baab371202b	8	0	0	0	14	8	8	17	4	0	0	3
fba4814520ceefacdd71421bc14421c4	0	13	0	0	0	0	0	0	0	0	0	0
6b8307a0222360f36caf7065c78ff424	0	0	0	0	0	13	0	0	0	0	0	0
020f48a69f9bf40e54fbac885f94695a	333	286	908	67	360	130	81	12	319	368	433	267
b358d76cf51dad99d526470074e5f31c	0	31	0	0	0	0	0	0	0	0	0	10
cdb79eecfa38ac58e99bfdef45fabfce	0	0	0	0	0	0	8	0	0	0	0	0
e1d34bfaee639f5be81d28b8b33c5e2f	90	86	74	59	107	415	177	81	121	39	72	32
dd3f1d27af1be908d3c3fd143339aa9c	0	0	0	0	0	0	0	0	0	0	18	0
54dcb911e3ab04e9d5b30c3912100b41	77	100	98	72	31	0	0	21	0	0	0	0
27b0bca5c048a9dfade9558dcf685681	870	382	474	730	352	538	2387	5884	1490	1292	1785	1024
a5bc90c05d64d08c02c400ee977a91f0	256	145	151	124	91	162	2844	75	293	111	0	0
d6cac08cbecd090e37f47abfdccb0422	0	0	0	0	42	65	1120	0	106	0	0	0
4ae33466f29277f3cba0834c894ee4a4	0	279	0	0	0	0	0	0	0	0	0	0
dbb1224c8dc2835b139adf2ca1f48ebf	0	65	0	0	0	0	0	0	0	0	0	0
25701bc06e4a2d4b040f35a10c2ab965	67	0	0	0	0	64	851	0	68	0	49	41
70d9b060e6c0b37c28dd6b1b6073baaa	193	137	171	181	97	167	299	305	253	309	263	338
a927fa934cf9d977992764c4dcba0b7d	0	0	0	0	0	0	0	0	0	0	0	0
ae3e52f144a3b5cadf6bbc0e23597a3b	0	0	0	0	0	0	0	0	0	0	0	0
0e064a94474c099cd422c1ef160ab28c	0	0	89	0	51	0	0	0	158	153	78	61
5a483930ae687501d239547148452dec	21	0	0	0	0	0	0	0	0	0	14	14
924668f542df9de35c2226e4a6cf09bd	177	127	371	230	162	142	193	161	426	377	79	197
f321d5342f0c8e8e85268b58b897f35b	0	0	0	0	0	0	0	0	0	0	0	0
a252c86ee882a495a76c18e7f3c63d18	68	16	19	28	0	0	0	0	0	0	0	0
eadf136b3be32021ccc7859e14c84f07	85	315	27	27	26	31	35	25	45	0	0	0
ce0fd2cf90c42ae9233134dfbd75a46b	163	115	372	80	129	193	161	233	142	93	292	275
f7428585b7cf8d65f206036a5852adab	0	0	0	0	0	0	0	0	0	0	0	0
4cc5231ea86506b08cdeebfec868214f	0	0	0	0	0	0	0	0	0	0	0	0
1312e125e3c798888ec0b2b5f88b0c53	49	43	118	0	43	51	52	73	62	49	74	94
ed4c242cee9f6a3ee6a180caa714a818	0	0	0	0	0	0	0	0	0	0	0	0
6c8fd159b1fc28483e06cb2d2c7b1597	56	64	883	302	44	61	96	88	91	63	0	0
78fb4140156b855369c5c80f4555cfd7	239	148	160	47	43	0	160	230	161	0	79	23
e24e7b9b383a4e46a7761d21ddd703aa	127	202	179	110	81	143	1160	94	358	157	61	36
8dc9533a41bcb3650c1631ff2d46e74b	0	0	0	0	0	0	0	0	0	0	0	0
d47dcf98096ce9005ae7b6d1cca28435	48	39	48	18	17	10	117	179	100	16	50	0
fc84897663743f59818bb7fdd05e7b0a	0	0	0	0	0	0	0	0	54	0	0	0
cbbc9e2c35c6198607c01c87e4bb5294	0	0	0	15	0	0	26	28	43	0	31	38
cfdf39cd6545fb6a7ddb747c3393c225	151	144	381	241	1158	1015	141	146	470	439	214	1148
3dfaa3fabdf04711351c97af550d2921	69	106	133	81	78	92	218	95	1284	481	1149	94
982a74bbad780f1063c5024106a33c77	0	0	0	0	0	0	0	0	0	0	0	32
b5ad34d760628319baf398eac0c09823	0	0	0	403	131	351	0	0	0	0	160	168
9e50312d0eebe6cb77e2ae7caeb2b4de	0	0	0	0	0	0	0	0	0	43	92	0
e046e29a358f4e382dccc33ca22f61ad	0	0	0	0	0	23	0	0	0	0	0	0
3b464b2c3ef760585938966db87f55c3	39	51	125	198	102	43	176	177	815	310	152	283
707740d13076516032127f753473cfc3	231	0	0	0	0	0	0	0	0	0	0	0
37a0a427f45ea3b8299b4a41c10d02e6	0	0	0	0	0	0	0	0	9	0	13	0
b971daa61a53d9e096214599176b245e	0	12	0	20	21	28	52	0	0	0	20	24
fd54faa463e99098527833fc9d14c4da	0	0	0	0	0	0	0	0	32	0	0	0
f293a879a98fe3b07b716d96b4449827	0	0	0	0	0	0	0	0	0	0	0	0
08eedcaf8f982611c4982038139f6271	48	56	57	25	112	182	105	251	135	60	44	0
a452acdd4133942f4427f17e596c9a80	0	0	0	0	0	52	0	0	0	0	0	0
35b8c10c192360a7cdad628a185e99e5	46	79	43	29	33	81	0	95	26	0	43	29
4debdb072999105a06ee39aa8779f01c	0	0	0	0	0	66	0	76	0	0	0	0
a2059dc1d1825bb8a0a039915d189ef8	0	0	0	0	0	0	0	0	0	41	58	39
aa72cb690f877a365de8223b4466671b	0	0	0	0	0	0	0	0	0	0	0	0
5284495840f983847ec0d0b741a9a471	335	440	208	308	128	121	1010	1567	283	205	180	72
d80a7337f5b24c90a8cc2dd4d9896e61	27	90	29	44	0	41	135	209	70	34	36	0
e438498696e4ce6da6b786e98f911a9e	0	0	0	45	0	0	0	0	0	0	0	0
d0de518819b6b61f8efc8b08490ab154	0	0	0	0	0	0	0	0	0	0	0	0
af140e3881d1c74ce8b17a5c8979dfa5	252	312	263	272	174	257	257	291	328	273	247	235
cf06ff688db7794a55279ba045ba2862	0	0	0	0	0	59	0	0	0	0	0	0
5f1f6453ad88dc836876671d27f97f58	69	39	59	55	32	28	153	108	24	13	0	0
5128c1f23df8732151a97a1c9aef0cb8	0	0	0	0	0	0	0	0	0	0	0	0
f4c7676e8043df7074244706adb77375	0	6	0	11	32	19	15	9	25	36	46	36
6e424244f0ae7694d4a2678c19ecc0a9	0	0	0	0	0	0	0	0	0	0	0	0
3f2528fd60a3c6bfdd9c72b69f0f91ae	0	0	0	0	0	0	0	0	0	0	0	0
fcfc259df19c81f8b6701748baaaa360	0	0	4	10	11	32	5	0	17	0	0	10
94c62610723c2344b918dfe162390e0d	0	0	0	0	0	0	0	0	10	0	0	0
0e15737671741c707e2fc53a6bf0ff68	0	0	0	0	0	0	0	0	0	0	0	0
4e1bda045e6ba843353281138c649093	725	315	250	506	127	191	228	489	246	158	395	580
32c1670d1313974d55f7aeb1f9e4f760	0	0	0	0	0	0	0	0	0	0	0	0
b6e9aba8d8b1b098b18da55f569c8f2b	24	0	0	0	0	0	0	0	0	0	0	0
bbaad0f397a1590db5c42bf1f40c8db9	0	13	0	12	0	22	57	19	6	7	26	11
1e040db0048bb4067f6d355cb45648dd	99	116	149	59	121	302	109	91	104	69	59	48
a6814253a38248cacced10ba5b2e3b1d	143	60	109	80	394	1124	64	69	124	77	42	42
d2be1254f5e7eb97bd42ec342d9cb11d	6	0	0	6	0	0	62	159	14	0	0	0
45ec8d8b3f3f833abb943a394602ca67	0	0	0	0	0	0	0	0	0	0	0	0
2ce88e05f1919882b01289628bd3d156	0	0	9	6	21	20	16	12	54	42	22	11
